job_id,company,title,location,date_posted,applicants,seniority_level,employment_type,job_function,industries,company_website,workplace_type,description
4217293086,ZEE5,Business Intelligence Manager,"Mumbai, Maharashtra, India",2 weeks ago,Over 200 applicants,Associate,Full-time,"Analyst, Other, and Consulting","IT Services and IT Consulting and Technology, Information and Media",,,"About ZEE5:
ZEE5 is the OTT platform of the ZEE Network and is the fastest growing OTT platform in India. With a very strong subscription service, ZEE5 Premium, provides access to over 100 originals and Top Bollywood blockbusters, apart from 100,000+ hours of network content.
Job Summary:
ZEE5 is a both an AVoD and a SVoD platform . The BI and Marketing Analytics team supports the business with data driven business decisions for day to day as well as long term business strategy and planning. A critical mind in analyzing complex data to provide valuable insights into growing the business is what drives the BI team.
Your Success is our Success:
If you are an exceptional team player who is ready to break down walls and pave the way with a team who are enthusiastic, technology driven, loves to think big, experiment and learn, then this role and this team is for you! Self-starter with a “deploy on day one” mindset will be a perfect match for us.
What will you do at ZEE5:
Drive data-informed strategies to boost content engagement and optimize platform performance.
Lead content analytics, prioritizing user retention and conversions for ZEE5 India.
Collaborate with Product and Tech teams to build/enhance tech-led platform discovery & design features.
Provide insights for marketing strategies and campaigns based on comprehensive content analytics.
Stay updated with industry trends, continuously refining content analytics methodologies.
Who you are:
Hands-on experience and expertise in SQL and querying complex data warehouse tables.
Strong analytical and data interpretation skills,
Proficiency in data visualization tools like Looker/ Tableau/ PowerBI.
Programming language like Python / R and basics of machine learning will be an added advantage
Ability to communicate business insights in a logical manner
Excellent communication and interpersonal abilities to effectively liaise with cross-functional teams and external partners.
Strategic mindset with a focus on driving measurable results
4 to 6 years of experience."
4174328446,Capgemini Engineering,Data scientist- Python- AI/ML GEN AI- Across india,"Mumbai, Maharashtra, India",2 weeks ago,Over 200 applicants,Mid-Senior level,Full-time,Design,Engineering Services,,,"• Develop strategies/solutions to solve problems in logical yet creative ways, leveraging state-of-the-art machine learning, deep learning and GEN AI techniques.
• Technically lead a team of data scientists to produce project deliverables on time and with high quality.
• Identify and address client needs in different domains, by analyzing large and complex data sets, processing, cleansing, and verifying the integrity of data, and performing exploratory data analysis (EDA) using state-of-the-art methods.
• Select features, build and optimize classifiers/regressors, etc. using machine learning and deep learning techniques.
• Enhance data collection procedures to include information that is relevant for building analytical systems, and ensure data quality and accuracy.
• Perform ad-hoc analysis and present results in a clear manner to both technical and non-technical stakeholders.
• Create custom reports and presentations with strong data visualization and storytelling skills to effectively communicate analytical conclusions to senior officials in a company and other stakeholders.
• Expertise in data mining, EDA, feature selection, model building, and optimization using machine learning and deep learning techniques.
• Strong programming skills in Python.
• Excellent communication and interpersonal skills, with the ability to present complex analytical concepts to both technical and non-technical stakeholders.
Primary Skills :
- Excellent understanding and hand-on experience of data-science and machine learning techniques & algorithms for supervised & unsupervised problems, NLP and computer vision and GEN AI. Good applied statistics skills, such as distributions, statistical inference & testing, etc.
- Excellent understanding and hand-on experience on building Deep-learning models for text & image analytics (such as ANNs, CNNs, LSTM, Transfer Learning, Encoder and decoder, etc).
- Proficient in coding in common data science language & tools such as R, Python.
- Experience with common data science toolkits, such as NumPy, Pandas, Matplotlib, StatsModel, Scikitlearn, SciPy, NLTK, Spacy, OpenCV etc.
- Experience with common data science frameworks such as Tensorflow, Keras, PyTorch, XGBoost,etc.
- Exposure or knowledge in cloud (Azure/AWS).
- Experience on deployment of model in production."
3627613477,SynRadar,Python Developer,Mumbai Metropolitan Region,1 year ago,Be among the first 25 applicants,Associate,Full-time,Engineering and Information Technology,Computer and Network Security,,,"Develop Parsers for XML and JSON Data sources/feeds
Write Automation Scripts for product development
Build API Integrations for 3rd Party product integration
Perform Data Analysis
Research on Machine learning algorithms
Understand AWS cloud architecture and work with 3 party vendors for deployments
Resolve issues in AWS environment"
4068225717,Decisions,Junior Software Developer,Mumbai Metropolitan Region,1 day ago,Over 200 applicants,Entry level,Full-time,Engineering and Information Technology,Software Development,,,"Should be sounds in the OOPS Concepts; both the theoretically and the practically.
Collaborate with product management, fellow developers, and designers in conceptualizing and developing new software programs and applications.
Arrange project requirements in a programming sequence by analyzing requirements; preparing a workflow chart and diagram using knowledge of computer capabilities, subject matter, programming language, and logic.
Analyze and assess existing business systems and procedures.
Assist in the definition, development, and documentation of software's business requirements, objectives, deliverables, and specifications on a project-by-project basis in collaboration with internal users and departments.
Develop and maintain applications by evaluating client needs, analyzing requirements, and developing software systems.
Design, run and monitor software performance tests on new and existing programs to correct errors, isolate areas for improvement, and perform general debugging.
Bachelor's Degree in computer science, information systems, engineering, or math.
Excellent understanding of workflow technology and process automation methods, and best practices.
Strong understanding of SDLC methodologies.
Programming experience must include fluency in procedural, object-oriented, and functional programming concepts and experience in at least two of the following: JavaScript, React, HTML5, Asp.Net MVC, C#, CSS, .Net, Docker.
Able to communicate effectively with non-technical staff and with members of interdisciplinary teams.
Flexible and adaptable regarding learning and understanding new technologies.
Ability to research software-related issues and products.
Highly self-motivated and directed with keen attention to detail.
Proven analytical and problem-solving abilities.
Ability to effectively prioritize and manage workload effectively with conflicting deadlines and priorities.
The ability to meet firm deadlines is imperative and essential.
Ability to work both independently and in a team-oriented, collaborative environment."
4219405125,Softcell Technologies Global Pvt. Ltd.,Artificial Intelligence (AI) Internship in Mumbai,Mumbai Metropolitan Region,1 week ago,95 applicants,Internship,Internship,Information Technology and Engineering,Software Development and Higher Education,,,"Join a short-term AI innovation project leveraging a 4-node Mac Mini M4 Pro cluster running Exo software
Develop and test 4-5 AI use cases using LLMs like Llama, with datasets from GitHub and other sources like CISO dashboard (threat analysis), sales dashboard (customer insights), HR Query Engine (Employee Q&A), and financial forecasting (revenue predictions)
Build AI-driven dashboards using Python, Exo WebUI, and LLM APIs
Source and integrate freely available datasets (GitHub, Kaggle, etc.)
Document use cases with setup steps and outputs
Train the team on implementation"
4178299708,Virtusa,Senior Python Developer,Mumbai Metropolitan Region,2 weeks ago,36 applicants,Mid-Senior level,Full-time,Engineering and Information Technology,IT Services and IT Consulting,,,
4179990845,LRN,Software Developer Associate,Mumbai Metropolitan Region,2 weeks ago,57 applicants,Associate,Full-time,Information Technology,"Technology, Information and Internet",,,"About LRN
Do you want to use your development expertise to help people around the world do the right thing? Join us at LRN to be a part of a global company where you can make an impact.
LRN is a SaaS based e-Learning provider with a presence across US, EMEA, APAC and LatAm. More than 1,000 companies worldwide (including some of the world's most recognizable brands) utilize LRN services and leverage LRN e-learning courses to help navigate complex regulatory environments and foster ethical, responsible, and inclusive cultures. In partnership with LRN, companies translate their values into concrete corporate practices, training materials, and leadership behaviors that create a sustainable competitive advantage. By acting upon shared values, companies and their people find the means to out behave and outperform..
About the role:
The Software Developer Associate will work on a wide range of projects from mobile development to gamification to mobile apps. Participating in the design and creation of scalable software. Writing clean, functional code on the front-end. Testing and fixing bugs or other coding issues.
Your responsibilities will include
Develop user interfaces using Angular best practices.
Write clean, maintainable code and perform code reviews.
Optimize application for performance and scalability.
Work closely with backend developers to integrate front-end components.
Stay updated with the latest technologies and trends in Angular development.
Overall, 3-6 years of experience in the industry
Knowledge of programming language
Hands on experience on Angular 2.x and above
NodeJS experience would be added advantage
Develop user interfaces for modern rich internet applications (responsive apps) for Desktop/Mobile/Tablets
Excellent analytical and programming skills
Good understanding and hands on in JavaScript
Expertise in creating custom components
Good to have accessibility knowledge
Should be able to work independently
Excellent debugging skills
Should have knowledge of writing unit test cases using Jasmine
Good understanding of CSS
Bachelor's degree
Ability to work independently, as well as a part of a team
Excellent written and verbal communication skills; Strong attention to detail
Technologically Savvy; willingness to learn new tools
Deeper understanding of Java Script and OOPs concepts
Familiarity with HTML and CSS
Experience working with Angular version 2 and above and Node JS
Excellent written and verbal communication
Good problem solving and analytical skills
Exposure to Agile methodology is a good to have
LRN is an equal opportunity employer. We celebrate diversity and are committed to creating an inclusive environment for all employees."
4225503113,Proximity Works,AI/ML Engineer (Mumbai),Mumbai Metropolitan Region,2 weeks ago,Be among the first 25 applicants,Mid-Senior level,Full-time,Engineering,IT Services and IT Consulting,,,"Designing, developing, testing, and deploying machine learning models for various applications
Collaborating with data scientists, software engineers, and product managers to develop data-driven features
Optimizing and improving the performance of existing machine learning models
Implementing and maintaining scalable machine learning pipelines and infrastructure
Analyzing and preprocessing large datasets to extract valuable insights and features
Staying updated with the latest developments in machine learning, deep learning, and related technologies
Conducting model training, validation, and performance evaluation to ensure models meet the required accuracy and reliability
Creating and maintaining documentation related to machine learning models, algorithms, and processes
Developing A/B testing frameworks and managing the deployment of models in production
Bachelor's or Master's degree in Computer Science, Data Science, Machine Learning, Statistics, or a related field
3+ years of experience in AI and Machine learning
1+ years of experience in GenAI
Proven experience as a Machine Learning Engineer, Data Scientist, or in a similar role
Strong programming skills in Python, R, or similar languages
Proficiency with machine learning libraries and frameworks such as TensorFlow, PyTorch, scikit learn, etc and experience with NLP libraries (e.g., NLTK, spaCy, Hugging Face Transformers)
Experience with data preprocessing, data wrangling, and data visualization
Hands-on experience with SQL databases and API integration
Experience with text generation techniques, including language models like GPT
Hands-on experience with cloud platforms (AWS, GCP, or Azure) and deploying models in production
Solid understanding of machine learning algorithms, deep learning architectures, and statistical methods
Experience with version control systems (e.g., Git) and continuous integration/continuous deployment (CI/CD) pipelines
Ability to work in a collaborative environment and communicate effectively with cross-functional teams
Knowledge of natural language processing (NLP) and its applications
Experience with MLOps tools and best practices for scalable model deployment and monitoring
Familiarity with data privacy and security regulations
Experience with real-time data processing and streaming technologies
Experience with reinforcement learning, generative models, or unsupervised learning techniques
Best in class salary: We hire only the best, and we pay accordingly
Proximity Talks: Meet other designers, engineers, and product geeks — and learn from experts in the field
Keep on learning with a world-class team: Work with the best in the field, challenge yourself constantly, and learn something new every day
Watch our CEO, Hardik Jagda, tell you all about Proximity
Read about Proximity's values and meet some of our Proxonauts here
Explore our website, blog, and the design wing — Studio Proximity
Get behind-the-scenes with us on Instagram! Follow @ProxWrks and @H.Jagda"
4217286832,Bounteous,Python GenAI Developer,"Mumbai, Maharashtra, India",2 weeks ago,49 applicants,Mid-Senior level,Full-time,Information Technology,IT Services and IT Consulting,,,"Position:Python+GenAI Developer
Experience: 3 to 8 Years (We don't have openings in less than and more than )
Location: Mumbai
WorkMode: Hybrid
Notice: Immediate to serving the Notice (who can join on 1st week of June)
Must skill:Strong Python development and LLM
If your interested, please share your resume with below details to :keerthana.manikandan@bounteous.com
Total Years of Experience:
Current Location:
Preferred Location:
Notice:
Gen AI JD:
1) Proficient in Python for building LLM driven application
2) Good understanding of strength and weaknesses of large language model
3) understanding of prompt design and optimising for best model responses including strategies for context and token constraints
4) Ability to integrate and orchestrate LLM capabilities of APIs
5) Exposure to vendor DB and their common uses
6) Strong general development skill"
3758447669,Itiviti,Software Engineer,"Mumbai, Maharashtra, India",1 year ago,Be among the first 25 applicants,Entry level,Full-time,Engineering and Information Technology,Software Development,,,"Relevant experience: 3 to 4 years
Strong SDLC skills (build pipelines, dependency management, release/deployment management) with some experience in driving migrations/upgrades of large scale critical systems
Proficient in one programming language (JAVA, Python, C++, unix scripting) and experience working with Makefiles/Gradle/Git/Chef
Comfort with standard SDLC tools, e.g. version control systems (Git, CVS, SVN), build tools(Jenkins) or similar technologies.
Clear understanding and distinction of how relational databases (such as SQL, Sybase or DB2 ) and non-relational databases (MongoDB, Cassandra) work.
UI development, AngularJS or React development experience is a plus
Clear understanding of algorithms and data structures.
Strong analytical and problem solving skills.
Build full stack solutions and enhancements to the existing pipeline.
Build new Application Programming Interfaces (API’s) for integrating with existing internally built workflow tools
Work with regional teams to deliver enhancements to global on boarding processes.
Must be willing to work with proprietary technologies. No knowledge of proprietary technology is required pre-hire.
Communicates effectively and encourages open communication
Problem-solver uncovers and understands certifying client needs, identifies root causes of problems, analyses advantages of one approach vs. another, and develops and implements creative and pragmatic solutions
Ability to work in a fast paced environment; to be flexible and learn quickly.
Ability to multi-task with attention to detail/ prioritize tasks.
Experience with MS Word, Excel, PowerPoint.
BA or BS degree in CS, MIS, Computer Information Systems, or a related field"
4166273212,Inventa (Cutting Chai Technologies),Software Development Engineer Testing (SDET),"Navi Mumbai, Maharashtra, India",2 months ago,Be among the first 25 applicants,Mid-Senior level,Full-time,Engineering and Information Technology,Wireless Services,,,"Execute all levels of testing (System, Integration, and Regression)
Detect and track software defects and inconsistencies
Analyze test results on database impacts and usability
Provide support and documentation
Design and develop automation scripts when needed
Analyze user stories, use cases and requirements
Participate in product design reviews and provide inputs on potential problems
Apply quality engineering principles throughout the Agile product lifecycle
Collaborate closely with cross-functional teams
2-3 years of hands-on experience in Applications Testing with exposure to API and automation testing
Working knowledge of popular test management software and SQL
Knowledge of at least one programming/ scripting language
Excellent communication and critical thinking skills
Good organizational skills and detail-oriented mindset
Ability to work in a fast-paced environment with minimal supervision
Sense of ownership and pride in your performance and its impact on the company’s success
Team player
Good time management skills
B.E / B.Tech degree in Computer Engineering / Computer Science.
Experience in Mobile App testing on Android and iOS platforms
Knowledge of performance testing
Knowledge of at least one database management system
Interest in data analysis
Exposure to startup work culture"
4213533480,Marsh McLennan,"Senior Specialist - NLP,Data Science","Mumbai, Maharashtra, India",2 weeks ago,83 applicants,Associate,Full-time,Other,Business Consulting and Services,,,"We are seeking a talented individual to join our Data Science team at Marsh Mc Lennan. This role will be based in Mumbai. This is a hybrid role that has a requirement of working at least three days a week in the office
We will count on you to:
Primarily work with the MMC Cyber Risk Intelligence Center team to maintain, expand and develop existing cyber data.
The incumbent will work closely with teams across the globe to integrate regional-specific cyber developments into the database and models.
Effectively identify, summarize and generate trends using internal and external dataset
Communicate solutions, parameters, assumptions, and inner workings to audiences who vary widely in their levels of technical fluency and seniority
Be client centric - To be self-motivated and effectively switch between projects to meet business priorities
What you need to have:
2-3 years of hands-on experience in data engineering role
Proficiency in SQL and Python
Comfortable handling large datasets efficiently and accurately
Hands-on experience in data cleaning / pre-processing / standardization on unstructured data
Exposure to data extraction in various file formats (pdf, email, docx, excel etc.)
Hands-on experience with Natural Language Processing frameworks
Familiarity with text processing, tokenization, named entity recognition (NER), sentiment analysis, topic modeling
Knowledge of word embeddings
Familiarity with Prompt Engineering and Gen AI approaches
Understanding of ML / DL / Transformer based architecture
Ability to create end-to-end data pipelines
What makes you stand out?
Strong academic rigor, and students passing with statistics and data science skills from reputed institution
Strong programming skills
Self-driven and intent to better the existing processes by challenging status quo
Exposure to working with Cyber Risk data (products)
Effective analytical skills, and ability to articulate thoughts via story telling
Good communication skills to collaborate with data scientists, ML engineers, and business teams
Preferably, candidate should understand insurance and reinsurance concepts
Why join our team?
You’ll be empowered to change the way we do business by using your skillset to disrupt norms and implement solutions
Culture of collaboration and valued relationships with internal and external partners
We foster a vibrant and inclusive culture where you can work with talented colleagues to create new solutions and have impact for colleagues, clients and communities
A clear career path with a hybrid of technical track and management track to grow in the company.
Marsh McLennan (NYSE: MMC) is a global leader in risk, strategy and people, advising clients in 130 countries across four businesses: Marsh, Guy Carpenter, Mercer  and Oliver Wyman . With annual revenue of $23 billion and more than 85,000 colleagues, Marsh McLennan helps build the confidence to thrive through the power of perspective. For more information, visit marshmclennan.com , or follow on  LinkedIn  and X.
Marsh McLennan is committed to embracing a diverse, inclusive and flexible work environment. We aim to attract and retain the best people and embrace diversity of age, background, caste, disability, ethnic origin, family duties, gender orientation or expression, gender reassignment, marital status, nationality, parental status, personal or social status, political affiliation, race, religion and beliefs, sex/gender, sexual orientation or expression, skin color, or any other characteristic protected by applicable law.
Marsh McLennan is committed to hybrid work, which includes the flexibility of working remotely and the collaboration, connections and professional development benefits of working together in the office. All Marsh McLennan colleagues are expected to be in their local office or working onsite with clients at least three days per week. Office-based teams will identify at least one “anchor day” per week on which their full team will be together in person."
4154047978,iRage,Backend Developer,"Mumbai, Maharashtra, India",2 months ago,Be among the first 25 applicants,Entry level,Full-time,Engineering and Information Technology,Capital Markets,,,"Design and Development: Develop, maintain, and optimize Go-based applications and services, focusing on real-time data processing, trading platforms, and financial analysis tools.
API Integration: Work on integrating third-party APIs for market data, trading systems, and other financial services.
Performance Optimization: Ensure the performance, scalability, and reliability of Go applications, particularly in high-volume trading environments.
Data Management: Develop solutions for real-time data ingestion, processing, and analysis, including market data feeds and transactional data.
Collaboration: Collaborate with cross-functional teams, including front-end developers, data scientists, and financial analysts, to deliver end-to-end solutions.
Testing and Debugging: Write unit tests, perform debugging, and ensure code quality through continuous integration and deployment practices.
Security Compliance: Ensure that all developed software complies with industry standards, including data security and regulatory requirements in the financial sector.
Experience: 3+ years of experience in Go programming, with a strong understanding of the language’s paradigms, constructs, and idioms.
Stock Market Domain: Solid understanding of financial markets, trading systems, and related technologies.
Concurrency: Proficiency in writing concurrent and high-performance applications using Go’s goroutines and channels.
APIs and Microservices: Experience in designing and consuming RESTful APIs and working with microservices architecture.
Database Knowledge: Strong experience with databases (SQL, NoSQL) and data storage solutions, particularly in handling large datasets.
Tools and Frameworks: Familiarity with Go frameworks like Gin, Echo, or similar, and experience with tools like Docker, Kubernetes, and CI/CD pipelines.
Version Control: Proficient in using Git for version control.
Problem Solving: Strong analytical and problem-solving skills, with the ability to work in a fast-paced environment.
Communication: Excellent verbal and written communication skills, with the ability to convey complex technical concepts to non-technical stakeholders.
Financial Software: Experience in developing or working on financial software like trading platforms, order management systems, or portfolio management tools.
Real-Time Systems: Familiarity with real-time data processing frameworks and messaging systems (e.g., Kafka, RabbitMQ).
Cloud Services: Experience with cloud platforms (AWS, GCP, Azure) and related services in the context of financial applications.
Certifications: Relevant certifications in Go programming or financial markets (e.g., CFA, FINRA) are a plus."
4223346516,Tata Consultancy Services,Selenium Automation,"Mumbai, Maharashtra, India",5 days ago,Over 200 applicants,Mid-Senior level,Full-time,Information Technology,IT Services and IT Consulting,,,"Must-Have
• Test Automation knowledge and experience working on Test Management integration tools like JIRA, Selenium, ALM.
• Programming language – Python, Java, JavaScript, SQL,
• Automation framework – Selenium, Appium, Robot, Cucumber
• Rich exp in scripting using selenium and Cucumber framework
• Strong in Selenium Framework Developing and Scripting using Java/Python.
Good-to-Have
1.Excellent communication skills across all levels of the organization
2.Extensive client handling experience
3.Onsite offshore coordination
4.Collaborate with Developers, Business Analyst, QA and all other stakeholders
5. QA Lead experience
6.Java experience
Exp Range: 3 TO 8
Location: Mumbai & Bhubaneshwar
Interview Type: Weekday Virtual Drive
Date: 08-May-2025
Day: Thursday"
4094728448,PayU,Production Support Engineer,"Mumbai, Maharashtra, India",5 months ago,Over 200 applicants,Entry level,Full-time,Information Technology,Financial Services,,,"Experience working with SQL / MySQL / MONGO or any database and writing simple queries to get Data for debugging issues.
Must have hands on experience on L2/L3 support.
Knowledge on with any of the languages like JAVA, Python, PHP, Shell Scripting, Node.JS , JavaScript, UNIX/ LINUX etc.
Excellent analytical and logical thinking.
Quick troubleshooting and diagnosing skills.
Problem-solving and debugging skills.
Working knowledge of any programming language to DEBUG CODE.
Web-application / MOBILE debugging skills
Minimum 3-6 years of relevant experience required
Location: Navi Mumbai
Education: B.tech/B.E or MCA is must
Proficient in SQL Querry, Shell scripting & API Integration
Good Communication and analytical skills"
4154732578,Pion Global,Software Developer,"Mumbai, Maharashtra, India",2 months ago,Be among the first 25 applicants,Entry level,Full-time,Engineering and Information Technology,IT Services and IT Consulting,,,"NET Developer Responsibilities includes:
Producing code using .NET languages (C#)."
4086490547,Capgemini,Gen AI | 4 TO 12 Years | Hyderabad,"Sion, Maharashtra, India",5 months ago,42 applicants,Not Applicable,Full-time,Other,IT Services and IT Consulting,,,"Familiarity with AI platforms and understanding of their capabilities and limitations.
Experience with Natural Language Processing (NLP) Understanding of RAG, neural networks, and other AI/ML concepts
Ability to design and implement AI models.
Experience with AI/ML frameworks like TensorFlow, PyTorch, etc
Experience with AI and Machine Learning algorithms.
Gen AI
Machine Learning algorithms.
Natural Language Processing (NLP).
TensorFlow, PyTorch, etc.
Good Communication"
3627621275,Zeus Learning,Python/Django Developer - AngularJS Frameworks,Mumbai Metropolitan Region,1 year ago,Be among the first 25 applicants,Mid-Senior level,Full-time,Engineering and Information Technology,E-learning,,,"Writing reusable, testable and efficient code
Design and Implementation of low-latency, user-friendly web and mobile-based applications
Devise and develop user-friendly software solutions for automation of industry processes
Contribute to design reviews and discussions across software teams.
Following strict security protocols without any deviation is of prime importance.
Implementing DevOps in all projects and establishing best practices in the team.
Strong programming skills in Python/Django
Experience with Angular, JavaScript frameworks/libraries
Hands-on experience with MySQL, PostgreSQL or other RDBMS
Experience with Web application security and secure coding practices
Strong Analytical thinking and problem-solving ability
Familiarity with software collaboration tools - GIT
Ability to work with a distributed and diverse team of researchers and developers.
Excellent English language communication skills, both written and verbal.
High level of innovation and motivation"
4225384288,Talent Worx,Python+AWS Senior Engineer,Mumbai Metropolitan Region,3 weeks ago,Be among the first 25 applicants,Mid-Senior level,Full-time,Engineering and Information Technology,IT Services and IT Consulting,,,"Possess strong proficiency in Python programming language with a consistent record of developing robust applications
Demonstrate expertise in AWS services including EC2 S3 Lambda and RDS
Exhibit experience in designing and implementing scalable cloud-based solutions
Show familiarity with automated testing frameworks and tools
Have excellent problem-solving skills and the ability to solve sophisticated issues
Display strong interpersonal skills to optimally collaborate with multi-functional teams
Experience in the Payer domain is a plus providing valuable insights into industry-specific requirements
Hold a bachelor's degree in computer science engineering"
4226118950,Turing,Remote Python Developer - 17852,"Mumbai, Maharashtra, India",4 days ago,Be among the first 25 applicants,Entry level,Contract,Engineering and Information Technology,"Technology, Information and Internet and Software Development",,,"Join a leading U.S.-based company as aPython Developer, where you’ll play a key role in driving innovative solutions in technology. Use your Python skills to tackle meaningful challenges and work on impactful projects with global experts, focusing on efficient development and problem-solving that makes a real difference.
Job Responsibilities:
Develop efficient Python code to address problems effectively
Apply business acumen and analytical skills to extract meaningful insights from public databases
Articulate reasoning and logic coherently when writing code in Jupyter notebooks or similar platforms
Collaborate closely with researchers to exchange ideas and insights
Maintain thorough documentation for all developed code
Job Requirements:
Open to applicants of all levels, from junior to industry experts
Bachelor's degree in Engineering, Computer Science, or equivalent practical experience
Good grasp of Python programming language for coding and debugging purposes
Knowledge of databases (SQL/NoSQL) and cloud platforms (AWS, GCP, Azure) is a plus.
A minimum 5-hour work overlap with PST/PT is required.
Strong communication and teamwork skills in a remote setting.
Perks:
Work with top industry experts worldwide.
This is a contractual remote work opportunity without traditional job constraints.
Competitive salary aligned with global standards.
Be part of cutting-edge, high-impact projects.
Note:Shortlisted candidates may be required to complete a coding assessment as part of the selection process."
4161596277,Deutsche Bank,"AI/ML and Knowledge Management, AVP","Mumbai, Maharashtra, India",2 months ago,Be among the first 25 applicants,Not Applicable,Full-time,Information Technology,Financial Services,,,"The AI/ML and Knowledge Management team will drive the build of 1 LOD data analytics and knowledge management capability, with a view towards supporting a proactive risk management function. The candidate will take active responsibility in developing solutions to achieve strategic and business objectives. The candidate will provide technical expertise and use large language models (AI/ML) effectively to build solutions to ensure continuous development of risk MI, data models for Risk and Control assessments, regulatory sentiment analysis, and knowledge management for Technology Risk across CB, IB and Ops divisions.
The 1st line Tech Risk function for business divisions (CB, IB and Ops) at Deutsche Bank sits within the Divisional Control Office. CB and IB front to back have the largest footprint as a risk bearing function within the banking divisions and you will be part of a dynamic team which is consistently in demand for providing insights, assessments and managing IT and IS risks on behalf of the business.
As part of the team, you will join the Bank’s journey and contribute towards our strategic goal of managing technology risk within appetite whilst enabling adoption of emerging and new technologies for business growth. You will do so through promoting a data-enabled risk management function, that provides business division aligned insights for informed decision making.
The role will work closely with stakeholders within the team and in business divisions to gather requirements and provide innovative solutions for risk insights and analytics capabilities. This role will report directly to the AI/ML and Knowledge Management Lead and has no line management responsibilities.
Best in class leave policy
Gender neutral parental leaves
100% reimbursement under child care assistance benefit (gender neutral)
Sponsorship for Industry relevant certifications and education
Employee Assistance Program for you and your family members
Comprehensive Hospitalization Insurance for you and your dependents
Accident and Term life Insurance
Complementary Health screening for 35 yrs. and above
Establish and maintain a risk reporting model for IT and IS risk. This includes operational and risk dashboards for senior management views.
Develop a knowledge management model which helps create a structured and indexable central repository for regulatory responses and presentations for various councils.
Leverage opportunities to design innovative solutions that facilitate the periodic Risk and Control assessments with singular view of contextual and reference data.
Develop process models that aid intelligent response production for multiple and global regulatory and external queries.
Be a catalyst and an enabler for sustainable IT&IS risk reduction in-line with changing regulatory landscape and overall internal controls framework.
Partner with reporting functions in other teams to ensure alignment with business needs and group risk management framework.
Minimum 5 years’ experience in Data Analytics - designing and implementation of data models and creating meaningful dashboards that drive insights.
Overall experience in similar roles in a Technology division or in a Banking Technology division or IT audit in a cross-cultural and diverse operating environment
Good understanding of Industry best practices over how risk data or AI models are defined, and data quality and integrity is maintained.
Programming Language – Python, MS SQL and Data analytics and visualization tools – Tableau, SAP objects, Informatica, Alteryx.
Experience in developing data standards, processes, and policies, as well as developing and implementing enterprise data strategies, operational data stores and data quality tools.
Experience with dimensional modeling, change data capture methods and implementation of data warehouse and data lake house architectures.
Strong team player with a result-oriented mindset and ability to deliver under tight timelines.
Must be comfortable with navigating ambiguity to extract meaningful risk insights.
Training and development to help you excel in your career
Flexible working to assist you balance your personal priorities
Coaching and support from experts in your team
A culture of continuous learning to aid progression
A range of flexible benefits that you can tailor to suit your needs"
4225502094,Proximity Works,AI/ML Engineer (Mumbai) - Contractual (3 months),Mumbai Metropolitan Region,2 weeks ago,Be among the first 25 applicants,Mid-Senior level,Contract,Engineering,IT Services and IT Consulting,,,"Designing, developing, testing, and deploying machine learning models for various applications
Collaborating with data scientists, software engineers, and product managers to develop data-driven features
Optimizing and improving the performance of existing machine learning models
Implementing and maintaining scalable machine learning pipelines and infrastructure
Analyzing and preprocessing large datasets to extract valuable insights and features
Staying updated with the latest developments in machine learning, deep learning, and related technologies
Conducting model training, validation, and performance evaluation to ensure models meet the required accuracy and reliability
Creating and maintaining documentation related to machine learning models, algorithms, and processes
Developing A/B testing frameworks and managing the deployment of models in production
Bachelor's or Master's degree in Computer Science, Data Science, Machine Learning, Statistics, or a related field
3+ years of experience in AI and Machine learning
1+ years of experience in GenAI
Proven experience as a Machine Learning Engineer, Data Scientist, or in a similar role
Strong programming skills in Python, R, or similar languages
Proficiency with machine learning libraries and frameworks such as TensorFlow, PyTorch, scikit learn, etc and experience with NLP libraries (e.g., NLTK, spaCy, Hugging Face Transformers)
Experience with data preprocessing, data wrangling, and data visualization
Hands-on experience with SQL databases and API integration
Experience with text generation techniques, including language models like GPT
Hands-on experience with cloud platforms (AWS, GCP, or Azure) and deploying models in production
Solid understanding of machine learning algorithms, deep learning architectures, and statistical methods
Experience with version control systems (e.g., Git) and continuous integration/continuous deployment (CI/CD) pipelines
Ability to work in a collaborative environment and communicate effectively with cross-functional teams
Knowledge of natural language processing (NLP) and its applications
Experience with MLOps tools and best practices for scalable model deployment and monitoring
Familiarity with data privacy and security regulations
Experience with real-time data processing and streaming technologies
Experience with reinforcement learning, generative models, or unsupervised learning techniques
Best in class salary: We hire only the best, and we pay accordingly
Proximity Talks: Meet other designers, engineers, and product geeks — and learn from experts in the field
Keep on learning with a world-class team: Work with the best in the field, challenge yourself constantly, and learn something new every day
Watch our CEO, Hardik Jagda, tell you all about Proximity
Read about Proximity's values and meet some of our Proxonauts here
Explore our website, blog, and the design wing — Studio Proximity
Get behind-the-scenes with us on Instagram! Follow @ProxWrks and @H.Jagda"
3948058247,Dream11,SDE 3 - Backend,"Mumbai, Maharashtra, India",1 week ago,Over 200 applicants,Mid-Senior level,Full-time,Engineering and Information Technology,Software Development,,,"Owning end to end responsibility of design, architecture, development, deployment & monitoring phases
Diving into details of issues/incidents, outages, analyze root cause and prepare incident reports
Understanding and solving real business needs at a large scale by applying your engineering and analytical problem-solving skills
Developing features working in a distributed micro-service environment that handle millions of customers with millisecond latencies
Mentoring engineers in the team and ensuring standards are maintained at every level
7+ years of hands-on experience in any typed language, preferably Java
Working experience of AWS or any cloud stack"
4145030293,AutomateBuddy Technologies Private Limited,Web Developer Intern,"Navi Mumbai, Maharashtra, India",3 months ago,Over 200 applicants,Internship,Internship,Engineering and Information Technology,IT Services and IT Consulting,,,"Writing well designed, testable, efficient code by using best software development practices.
Creating website layout/user interfaces by using standard HTML/CSS practices.
Integrating data from various back-end services and databases.
Gather and refine specifications and requirements based on technical needs.
Create and maintain software documentation.
Stay plugged into emerging technologies/industry trends and apply them into operations and activities.
Editing content, debugging code and re-designing web pages.
Visual Studio Knowledge
HTML / CSS
B. Sc/B.Tech/B.E. in Any Specialization or equivalent.
Any Postgraduate in Any Specialization."
4219868485,CommentSold,AI & Machine Learning Engineer (Remote - India),"Mumbai, Maharashtra, India",1 week ago,30 applicants,Entry level,Full-time,Engineering and Information Technology,Software Development,,,"Develop and maintain code that leverages computer vision, natural language processing and machine learning algorithms and technologies in solving hot business problems
Utilize machine learning concepts and algorithms, and as well as other deep learning architectures to analyze video, images and large text corpora
Review and train machine learning models in and evaluate their performance
Develop product similarity and product recommender routines, adjust them to efficiently work as in-app features
Understand and apply natural language processing in sentiment analysis, named entity recognition, and text summarization
Orchestrate computer vision tasks of image classification, object detection, image segmentation, face and pose detection, movement and facial expression
Deploy machine learning models to production environments and showcase proficiency in version control systems
Gear usage of the image and video generation to support the business processes of our partners and their end-customers
Keep up to date with latest advances in AI and machine learning
Gain a deep understanding of our product and become involved in driving out product implementation
Join a rapidly growing AI & Data team with the opportunity to take on both product and technical problems
Have 4+ years of Data Science or Machine Learning experience
Have strong programming skills in Python (will be tested through interview process)
Have sound judgment for solving issues pragmatically without adding technical debt
Demonstrate skills in designing, building, and evaluating predictive models and AI algorithms. Deep understanding of the recent landscape of possible AI solutions.
Have passion for understanding business stakeholders’ problems and solving them in innovative and efficient ways
Being skilled with cloud services (AWS, GCP, Azure) for deploying cloud solutions and APIs.
Bring proven expertise in computer vision and NLP to the common table (will be assessed in the interview process)
Be comfortable in a fast paced, pragmatic work environment
Have a strong understanding of core computer science principles, hone standard CI/CD practices
Experience with e-commerce and/or live-selling platforms is a strong plus
Work well in a remote, collaborative team environment; Have the ability to communicate your thought process in problem-solving, verbally and over Slack
Have a mindset towards high-quality output and attention to detail, comfortable being able to provide and receive feedback in code reviews
Possess strong analytical and problem-solving skills, be curious about new approaches and recent research
Have strong desire to learn and stay updated with the latest in AI and machine learning. Persistent and resilient in the face of challenging technical problems
Experience in Machine learning Ops is a plus for candidate
Are a strong written and verbal communicator; English native speaker or Advanced English language skills
Must be able to flex at least 4 working hours to overlap with North American time zones; Requirement to work until 3pm EST (US) to have team interaction with teams from the other time zones."
4214607556,R3,QA SDET (Software Development Engineer in Test),"Mumbai, Maharashtra, India",1 week ago,69 applicants,Not Applicable,Full-time,Engineering and Information Technology,Financial Services,,,"We are looking for a QA SDET to join our agile engineering team to develop and execute both functional and non-functional tests for R3’s product suite. The ideal candidate has hands-on experience in both manual and automated testing and is eager to grow their skills in a fast-paced environment.
You’ll contribute to the design and maintenance of automated test frameworks, help ensure platform quality across distributed systems, and work collaboratively with engineers, product managers, and DevOps in an Agile environment. Familiarity with fintech or trading systems is a plus, but not required.
ResponsibilitiesDesign, develop, and maintain functional and non-functional test casesBuild and enhance test automation scripts using languages like Java or KotlinExecute manual and automated tests across API, UI, and backend componentsCollaborate closely with developers, QA engineers, and DevOps to ensure test coverage and quality across the SDLCParticipate in sprint planning, standups, and retrospectives to contribute to quality-driven developmentLog, triage, and document defects in the tracking system (e.g., JIRA)Contribute to test reporting, quality metrics, and risk communicationRequired Skills & Experience2–4 years of experience in QA, with exposure to both manual and automation testingStrong programming fundamentals; experience in Java, Kotlin, or a similar languageFamiliarity with automated testing tools and frameworks, including:UI Testing: Selenium, Cypress, or AppiumAPI Testing: Postman, REST AssuredBDD: Cucumber, SerenityBasic understanding of cloud infrastructure and container technologies (e.g., Docker, Kubernetes)Experience working with CI/CD tools such as Jenkins or GitHub ActionsFamiliarity with test management and bug tracking tools like XRAY and JIRAStrong problem-solving and analytical skillsExcellent communication and collaboration skillsNice to HavesExposure to financial services or trading platformsExperience with performance or security testing toolsFamiliarity with monitoring/logging tools (e.g., Grafana, Prometheus)What You'll GainHands-on experience in enterprise-grade test automationOpportunity to work on scalable, distributed systems with modern toolingExposure to cross-functional agile practices in a fast-moving team
Design, develop, and maintain functional and non-functional test cases
Build and enhance test automation scripts using languages like Java or Kotlin
Execute manual and automated tests across API, UI, and backend components
Collaborate closely with developers, QA engineers, and DevOps to ensure test coverage and quality across the SDLC
Participate in sprint planning, standups, and retrospectives to contribute to quality-driven development
Log, triage, and document defects in the tracking system (e.g., JIRA)
Contribute to test reporting, quality metrics, and risk communication
2–4 years of experience in QA, with exposure to both manual and automation testing
Strong programming fundamentals; experience in Java, Kotlin, or a similar language
Familiarity with automated testing tools and frameworks, including:
UI Testing: Selenium, Cypress, or Appium
API Testing: Postman, REST Assured
BDD: Cucumber, Serenity
Basic understanding of cloud infrastructure and container technologies (e.g., Docker, Kubernetes)
Experience working with CI/CD tools such as Jenkins or GitHub Actions
Familiarity with test management and bug tracking tools like XRAY and JIRA
Strong problem-solving and analytical skills
Excellent communication and collaboration skills
Exposure to financial services or trading platforms
Experience with performance or security testing tools
Familiarity with monitoring/logging tools (e.g., Grafana, Prometheus)
Hands-on experience in enterprise-grade test automation
Opportunity to work on scalable, distributed systems with modern tooling
Exposure to cross-functional agile practices in a fast-moving team"
4208016554,Rentokil Initial,Python Django Developer | Exp - 3+ Years | Mumbai,"Borivali, Maharashtra, India",1 month ago,Be among the first 25 applicants,Executive,Full-time,Human Resources,Environmental Services,,,"Collaborate with project managers, designers, and other developers to understand project requirements and deliver high-quality software solutions.
Develop web applications and features using the Django framework, following best practices and coding standards.
Write clean, maintainable, and efficient code, and refactor existing code as necessary.
Integrate data storage solutions, including databases, key-value stores, and blob stores.
Work on frontend integration, collaborating with frontend developers to ensure seamless integration of user-facing elements with backend logic.
Implement security and data protection measures, such as authentication and authorization.
Identify and address performance bottlenecks and optimize applications for speed and scalability.
Troubleshoot and debug issues, and provide timely resolution to ensure smooth application operation.
Stay up-to-date with the latest industry trends, technologies, and best practices in web development.
Participate in code reviews, knowledge sharing, and mentorship activities.
Timely delivery of high-quality, well-tested software features and updates.
Efficient collaboration with cross-functional teams to achieve project goals.
Robust and secure backend solutions that adhere to industry standards.
Performance optimization to ensure smooth application performance even under high load.
Contribution to a positive and innovative team culture.
Continuous learning and improvement of technical skills.
Individual Contributor
Internal team
External stakeholders
Educational Qualification / Other Requirement:
Bachelor's degree in Computer Science, Software Engineering, or a related field (or equivalent work experience).
Proven experience in developing and deploying Django-based web applications.
Familiarity with agile development methodologies.
Experience with cloud platforms (e.g., GCP) is a plus.
Relevant certifications in Python, Django, or web development are beneficial.
Proficiency in Python programming language.
Strong experience in web development using Django framework.
Sound knowledge of HTML, CSS, and JavaScript for frontend integration.
Familiarity with frontend libraries and frameworks (e.g., React, Angular) is a plus.
Experience with database systems such as PostgreSQL or MySQL.
Understanding of RESTful APIs and web services.
Knowledge of version control systems like Git.
Problem-solving skills and the ability to debug complex issues.
Good understanding of software development principles and design patterns.
Strong communication skills to collaborate effectively with team members.
Safety
Integrity
Innovation
Learning & Development
Open & Transparent
Performance Orientation"
